1,11.28,45507,13954.54,15222.02,256,1,639,
2,11.28,45507,13956.95,15234.11,256,1,635,
3,11.28,45507,13959.39,15246.39,256,1,630,
4,11.28,45507,13961.9,15258.97,256,1,626,
5,11.33,45507,13964.27,15270.81,256,1,622,
6,11.27,45507,13966.7,15283.03,256,1,618,
7,11.27,45507,13969.11,15295.13,256,1,614,
8,11.27,45507,13971.5,15307.11,256,1,611,
9,11.29,45507,13973.99,15319.59,256,1,608,
10,11.02,45507,13976.48,15332.17,256,1,605,
11,11.02,45507,13978.81,15344.16,256,1,602,
12,11.02,45507,13981.05,15355.65,256,1,599,
13,11.02,45507,13983.46,15368.03,256,1,597,
14,10.62,45507,13985.68,15379.73,256,1,595,
15,10.62,45507,13987.92,15391.71,256,1,593,
16,10.62,45507,13990.12,15403.43,256,1,592,
17,10.62,45507,13992.27,15414.9,256,1,591,
18,10.62,45507,13994.46,15426.57,256,1,590,
19,11.54,45507,13996.68,15437.99,256,1,589,
20,12.3,45507,13998.39,15445.81,256,1,589,
21,3.68,45507,13998.56,15450.09,256,1,588,
22,2.95,45507,13998.55,15450.29,256,1,588,
23,2.59,45507,13998.54,15450.39,256,1,588,
24,351.9,45507,13998.07,15452.96,256,1,587,
25,320.16,45507,13995.26,15456.14,256,1,583,
26,253.15,45507,13991.06,15454.73,256,1,579,
27,236.82,45507,13987.23,15452.17,256,1,576,
28,235.75,45507,13982.21,15448.76,256,1,572,
29,231.33,45507,13975.29,15443.58,256,1,567,
30,231.33,45507,13967.39,15437.26,256,1,561,
31,231.33,45507,13958,15429.75,256,1,554,
32,230.68,45507,13948.35,15421.87,256,1,547,
33,230.68,45507,13939.09,15414.29,256,1,540,
34,230.68,45507,13929.16,15406.16,256,1,533,
35,230.68,45507,13919.53,15398.27,256,1,527,
36,230.68,45507,13910.28,15390.69,256,1,521,
37,228.96,45507,13900.93,15382.57,256,1,515,
38,228.96,45507,13891.69,15374.53,256,1,510,
39,228.96,45507,13882.03,15366.12,256,1,505,
40,228.96,45507,13873.18,15358.41,256,1,500,
41,229.99,45507,13864.02,15350.56,256,1,495,
42,230.65,45507,13855.04,15343.19,256,1,491,
43,230.65,45507,13846,15335.78,256,1,487,
44,230.65,45507,13838.21,15329.4,256,1,483,
45,230.39,45507,13830.88,15323.33,256,1,480,
46,230.31,45507,13823.62,15317.31,256,1,477,
47,216.49,45507,13817.27,15309.77,256,1,476,
48,161.56,45507,13817.62,15300.63,256,1,482,
49,156.35,45507,13822.23,15290.09,256,1,492,
50,159.88,45507,13827.05,15278.2,256,1,503,
51,161.34,45507,13831.19,15266.54,256,1,513,
52,162.37,45507,13834.44,15256.37,256,1,522,
53,162.57,45507,13836.28,15250.51,256,1,527,
54,163.06,45507,13836.88,15248.44,256,1,529,
55,163.17,45507,13836.98,15248.1,256,1,529,
56,163.22,45507,13837.02,15247.93,256,1,529,
57,163.23,45507,13837.04,15247.88,256,1,529,
58,163.24,45507,13837.04,15247.87,256,1,529,
59,163.24,45507,13837.04,15247.87,256,1,529,
60,163.24,45507,13837.04,15247.87,256,1,529,
61,163.24,45507,13837.04,15247.87,256,1,529,
62,163.24,45507,13837.04,15247.87,256,1,529,
63,163.24,45507,13837.04,15247.87,256,1,529,
64,163.24,45507,13837.04,15247.87,256,1,529,
65,163.24,45507,13837.04,15247.87,256,1,529,
66,163.24,45507,13837.04,15247.87,256,1,529,
67,163.24,45507,13837.04,15247.87,256,1,529,
68,163.24,45507,13837.04,15247.87,256,1,529,
69,163.24,45507,13837.04,15247.87,256,1,529,
70,163.24,45507,13837.04,15247.87,256,1,529,
71,163.24,45507,13837.04,15247.87,256,1,529,
72,163.24,45507,13837.04,15247.87,256,1,529,
73,163.24,45507,13837.04,15247.87,256,1,529,
74,163.24,45507,13837.04,15247.87,256,1,529,
75,163.24,45507,13837.04,15247.87,256,1,529,
76,163.24,45507,13837.04,15247.87,256,1,529,
77,163.24,45507,13837.04,15247.87,256,1,529,
78,163.24,45507,13837.04,15247.87,256,1,529,
79,163.24,45507,13837.04,15247.87,256,1,529,
80,163.24,45507,13837.04,15247.87,256,1,529,
81,163.24,45507,13837.04,15247.87,256,1,529,
82,163.24,45507,13837.04,15247.87,256,1,529,
83,163.24,45507,13837.04,15247.87,256,1,529,
84,163.24,45507,13837.04,15247.87,256,1,529,
85,163.24,45507,13837.04,15247.87,256,1,529,
86,163.24,45507,13837.04,15247.87,256,1,529,
87,163.24,45507,13837.04,15247.87,256,1,529,
88,163.24,45507,13837.04,15247.87,256,1,529,
89,163.24,45507,13837.04,15247.87,256,1,529,
90,158.51,45507,13838.04,15246.05,256,1,531,
91,130.87,45507,13841.08,15243.62,256,1,535,
92,110.06,45507,13846.2,15241.72,256,1,540,
93,103.04,45507,13849.94,15240.85,256,1,544,
94,103.04,45507,13851.62,15240.46,256,1,545,
95,103.04,45507,13851.69,15240.45,256,1,545,
96,103.04,45507,13851.75,15240.43,256,1,545,
97,101.74,45507,13853.54,15240.13,256,1,547,
98,97.65,45507,13857.25,15239.64,256,1,550,
99,97.64,45507,13862.33,15238.96,256,1,555,
100,102.69,45507,13869.23,15237.64,256,1,561,
101,103.87,45507,13878.31,15235.4,256,1,570,
102,110.15,45507,13889.41,15231.73,256,1,581,
103,110.13,45507,13900.39,15227.71,256,1,592,
104,111.01,45507,13911.92,15223.36,256,1,604,
105,111.01,45507,13923.49,15218.91,256,1,616,
106,111.01,45507,13934.75,15214.59,256,1,627,
107,110.99,45507,13945.76,15210.37,256,1,639,
108,95.39,45507,13957.96,15208.8,256,1,650,
109,111.02,45507,13969.82,15204.55,256,1,662,
110,111.02,45507,13981.41,15200.09,256,1,674,
111,111,45507,13993.42,15195.48,256,1,686,
112,111,45507,14005.41,15190.88,256,1,699,
113,111,45507,14016.76,15186.53,256,1,711,
114,111.02,45507,14027.42,15179,256,1,724,
115,110.59,45507,14039.01,15174.59,256,1,736,
116,110.51,45507,14050.36,15170.34,256,1,748,
117,110.51,45507,14061.84,15166.04,256,1,760,
118,110.51,45507,14073.34,15161.74,256,1,772,
119,110.51,45507,14084.87,15157.43,256,1,784,
120,110.51,45507,14096.74,15152.99,256,1,796,
121,110.45,45507,14108.39,15148.64,256,1,808,
122,110.61,45507,14119.78,15144.41,256,1,820,
123,110.61,45507,14130.82,15140.26,256,1,832,
124,110.61,45507,14142.24,15135.97,256,1,844,
125,110.51,45507,14153.88,15131.6,256,1,856,
126,110.51,45507,14165.18,15127.38,256,1,868,
127,110.51,45507,14176.3,15123.21,256,1,879,
128,110.51,45507,14187.38,15119.07,256,1,891,
129,109.08,45507,14199,15114.79,256,1,903,
130,110.85,45507,14210.95,15110.37,256,1,916,
131,110.85,45507,14222.14,15106.11,256,1,927,
132,110.85,45507,14234.09,15101.55,256,1,940,
133,110.85,45507,14245.38,15097.25,256,1,952,
134,110.85,45507,14256.65,15092.96,256,1,964,
135,110.85,45507,14268.72,15088.36,256,1,977,
136,110.85,45507,14280.3,15083.95,256,1,989,
137,112.01,45507,14291.55,15079.45,256,1,1001,
138,110,45507,14303.52,15074.84,256,1,1013,
139,110,45507,14314.46,15070.85,256,1,1025,
140,110.94,45507,14326.35,15066.33,256,1,1037,
141,110.95,45507,14337.78,15061.95,256,1,1050,
142,110.95,45507,14348.98,15057.66,256,1,1061,
143,110.96,45507,14360.33,15053.32,256,1,1073,
144,110.96,45507,14371.99,15048.85,256,1,1086,
145,110.96,45507,14383.97,15044.26,256,1,1098,
146,110.94,45507,14395.41,15039.88,256,1,1111,
147,110.94,45507,14406.98,15035.45,256,1,1123,
148,110.94,45507,14419.03,15030.84,256,1,1136,
149,110.94,45507,14430.09,15026.61,256,1,1147,
150,110.94,45507,14441.79,15022.13,256,1,1160,
151,110.95,45507,14453.77,15017.54,256,1,1172,
152,110.95,45507,14465.15,15013.19,256,1,1185,
153,110.96,45507,14476.33,15008.91,256,1,1196,
154,110.96,45507,14487.29,15004.71,256,1,1208,
155,110.97,45507,14498.93,15000.25,256,1,1220,
156,110.93,45507,14510.79,14995.71,256,1,1233,
157,110.93,45507,14522.22,14991.34,256,1,1245,
158,110.96,45507,14534.08,14986.8,256,1,1258,
159,110.96,45507,14545.04,14982.6,256,1,1269,
160,110.96,45507,14556.36,14978.26,256,1,1281,
161,110.96,45507,14565.85,14974.63,256,1,1291,
162,110.96,45507,14571.58,14972.43,256,1,1298,
163,110.96,45507,14573.22,14971.81,256,1,1299,
164,110.96,45507,14573.79,14971.59,256,1,1300,
165,110.96,45507,14574.2,14971.43,256,1,1300,
166,110.96,45507,14574.22,14971.42,256,1,1300,
167,110.96,45507,14574.23,14971.42,256,1,1300,
168,110.9,45507,14576.39,14970.6,256,1,1303,
169,110.74,45507,14580.98,14968.86,256,1,1308,
170,110.74,45507,14587.01,14966.58,256,1,1314,
171,110.88,45507,14594.29,14963.81,256,1,1322,
172,111.12,45507,14603.75,14960.15,256,1,1332,
173,111.12,45507,14614.46,14956.02,256,1,1343,
174,111.12,45507,14626.21,14951.48,256,1,1356,
175,110.78,45507,14638.23,14946.91,256,1,1368,
176,110.78,45507,14649.85,14942.5,256,1,1381,
177,110.78,45507,14660.89,14938.31,256,1,1393,
178,110.78,45507,14672.02,14934.09,256,1,1404,
179,110.67,45507,14684.1,14929.52,256,1,1417,
180,110.54,45507,14695.85,14925.11,256,1,1430,
181,110.54,45507,14707.31,14920.82,256,1,1442,
182,110.54,45507,14718.76,14916.53,397,1,1454,
183,110.54,45507,14731.97,14915,397,1,1466,
184,110.15,45507,14743.96,14910.56,397,1,1479,
185,110.15,45507,14755.76,14906.23,397,1,1492,
186,110.82,45507,14765.04,14902.59,397,1,1501,
187,110.52,45507,14770.16,14900.68,397,1,1507,
188,110.52,45507,14771.07,14900.34,397,1,1508,
189,110.52,45507,14771.45,14900.2,397,1,1508,
190,110.52,45507,14771.72,14900.09,397,1,1509,
191,110.52,45507,14771.75,14900.08,397,1,1509,
192,110.52,45507,14771.78,14900.07,397,1,1509,
193,110.52,45507,14771.78,14900.07,397,1,1509,
194,110.52,45507,14771.78,14900.07,397,1,1509,
195,110.52,45507,14771.78,14900.07,397,1,1509,
196,110.55,45507,14770.65,14897.07,397,1,1509,
197,110.55,45507,14770.65,14897.07,397,1,1509,
198,110.55,45507,14770.65,14897.07,397,1,1509,
199,110.55,45507,14770.65,14897.07,397,1,1509,
200,110.55,45507,14770.65,14897.07,397,1,1509,
201,110.55,45507,14770.65,14897.07,397,1,1509,
202,110.55,45507,14770.65,14897.07,397,1,1509,
203,110.55,45507,14770.65,14897.07,397,1,1509,
204,110.55,45507,14770.65,14897.07,397,1,1509,
205,110.55,45507,14770.65,14897.07,397,1,1509,
206,110.57,45507,14771.89,14896.61,397,1,1510,
207,110.74,45507,14775.13,14895.37,397,1,1514,
208,110.81,45507,14779.97,14893.54,397,1,1519,
209,111.29,45507,14786.85,14890.86,397,1,1526,
210,111.29,45507,14795.84,14887.36,397,1,1536,
211,111.29,45507,14803.03,14884.56,397,1,1544,
212,110.09,45507,14809.57,14885.56,397,1,1549,
213,109.33,45507,14816.69,14883.06,397,1,1556,
214,109.61,45507,14824.62,14880.25,397,1,1565,
215,112.22,45507,14833.52,14876.61,397,1,1574,
216,112.22,45507,14842.39,14872.99,397,1,1584,
217,109.79,45507,14851.71,14869.41,397,1,1594,
218,108.96,45507,14862.3,14865.77,397,1,1605,
219,108.96,45507,14871.31,14862.68,397,1,1614,
220,111.27,45507,14880.79,14859.09,397,1,1624,
221,111.27,45507,14889.91,14855.54,397,1,1634,
222,111.27,45507,14898.92,14852.03,397,1,1644,
223,111.27,45507,14908.82,14848.17,397,1,1654,
224,111.27,45507,14916.8,14845.07,397,1,1663,
225,111.27,45507,14926.7,14841.21,397,1,1674,
226,111.27,45507,14935.17,14837.91,397,1,1683,
227,112.33,45507,14944.92,14834.02,397,1,1693,
228,122.99,45507,14953.95,14828.98,397,1,1703,
229,126.12,45507,14960.96,14823.83,397,1,1712,
230,125.3,45507,14968.9,14818.26,397,1,1722,
231,131.33,45507,14977.66,14812.93,397,1,1732,
232,133.35,45507,14985.15,14805.86,397,1,1742,
233,129.98,45507,14992.55,14799.28,397,1,1751,
234,123.81,45507,15000.29,14793.59,397,1,1761,
235,123.56,45507,15008,14788.47,397,1,1770,
236,119.84,45507,15016.62,14783.24,397,1,1780,
237,115.12,45507,15025.03,14778.84,397,1,1789,
238,113.18,45507,15035.37,14777.89,397,1,1799,
239,113.18,45507,15046.44,14773.15,397,1,1811,
240,113.18,45507,15053.86,14769.97,397,1,1819,
241,113.18,45507,15057.15,14768.57,397,1,1823,
242,113.18,45507,15057.21,14768.54,397,1,1823,
243,113.18,45507,15057.21,14768.54,397,1,1823,
244,113.18,45507,15057.22,14768.53,397,1,1823,
245,113.18,45507,15057.22,14768.53,397,1,1823,
246,113.18,45507,15057.22,14768.53,397,1,1823,
247,113.18,45507,15057.22,14768.53,397,1,1823,
248,113.18,45507,15057.22,14768.53,397,1,1823,
249,113.18,45507,15057.22,14768.53,397,1,1823,
250,113.18,45507,15057.22,14768.53,397,1,1823,
251,113.18,45507,15057.22,14768.53,397,1,1823,
252,113.18,45507,15057.22,14768.53,397,1,1823,
253,113.18,45507,15057.22,14768.53,397,1,1823,
254,113.18,45507,15057.22,14768.53,397,1,1823,
255,113.18,45507,15057.22,14768.53,397,1,1823,
256,113.18,45507,15057.22,14768.53,397,1,1823,
257,113.18,45507,15057.22,14768.53,397,1,1823,
258,113.18,45507,15057.22,14768.53,397,1,1823,
259,113.18,45507,15057.22,14768.53,397,1,1823,
260,113.18,45507,15057.22,14768.53,397,1,1823,
261,113.18,45507,15057.22,14768.53,397,1,1823,
262,113.18,45507,15057.22,14768.53,397,1,1823,
263,113.18,45507,15057.22,14768.53,397,1,1823,
264,113.18,45507,15057.22,14768.53,397,1,1823,
265,113.18,45507,15057.22,14768.53,397,1,1823,
266,113.18,45507,15057.22,14768.53,397,1,1823,
267,113.18,45507,15057.22,14768.53,397,1,1823,
268,113.18,45507,15057.22,14768.53,397,1,1823,
269,113.18,45507,15057.22,14768.53,397,1,1823,
270,112.27,45507,15059.12,14767.81,397,1,1825,
271,109.18,45507,15062.36,14766.71,397,1,1828,
272,108.8,45507,15067.33,14765.01,397,1,1833,
273,108.8,45507,15073.59,14762.88,397,1,1840,
274,100.55,45507,15081.75,14761.18,397,1,1848,
275,97.8,45507,15092.11,14759.49,397,1,1858,
276,93.97,45507,15103.47,14758.7,397,1,1869,
277,90.09,45507,15115.33,14758.65,397,1,1879,
278,89.22,45507,15128.16,14758.81,397,1,1891,
279,86.77,45507,15140.59,14759.5,397,1,1902,
280,83.1,45507,15153.44,14760.69,397,1,1913,
281,83.09,45507,15166.15,14759.01,397,1,1925,
282,83.09,45507,15178.82,14760.54,397,1,1936,
283,83.09,45507,15191.49,14762.08,397,1,1947,
284,83.09,45507,15203.96,14763.59,397,1,1957,
285,83.09,45507,15216.26,14765.07,397,1,1968,
286,83.09,45507,15228.36,14766.54,397,1,1978,
287,87.51,45507,15241.09,14767.21,397,1,1990,
288,99.99,45507,15253.77,14765.98,397,1,2002,
289,89.69,45507,15266.65,14766.05,397,1,2013,
290,91.78,45507,15279.03,14765.84,397,1,2025,
291,91.78,45507,15290.89,14765.47,397,1,2036,
292,97.29,45507,15303.7,14764.15,397,1,2048,
293,105.05,45507,15315.94,14761.41,397,1,2060,
294,105.05,45507,15327.78,14758.23,397,1,2073,
295,105.05,45507,15339.38,14755.11,397,1,2084,
296,105.05,45507,15350.62,14752.08,397,1,2096,
297,105.05,45507,15362.58,14748.87,397,1,2108,
298,107.1,45507,15374.37,14745.51,397,1,2120,
299,108.06,45507,15386.64,14741.51,397,1,2133,
300,107.75,45507,15398.44,14737.69,397,1,2146,
301,105.97,45507,15410.61,14734.21,397,1,2158,
302,105.97,45507,15422.83,14730.72,397,1,2171,
303,105.97,45507,15434.45,14727.39,397,1,2183,
304,105.97,45507,15445.73,14724.16,397,1,2194,
305,105.97,45507,15457.64,14720.75,145,1,2207,
306,105.97,45507,15469.2,14717.45,145,1,2219,
307,105.97,45507,15480.79,14714.13,145,1,2231,
308,105.97,45507,15492.1,14710.89,145,1,2242,
309,105.97,45507,15503.69,14707.58,145,1,2254,
310,105.97,45507,15515,14704.34,145,1,2266,
311,105.97,45507,15526.53,14701.04,145,1,2278,
312,105.97,45507,15538.26,14697.69,145,1,2290,
313,105.97,45507,15549.96,14694.34,145,1,2302,
314,110.1,45507,15560.96,14690.47,145,1,2314,
315,110.1,45507,15572.19,14686.36,145,1,2326,
1,107.37,46447,15036.57,14509.44,234,0,531,
2,104.58,46447,15050.15,14505.91,234,0,517,
3,104.58,46447,15063.61,14502.41,234,0,503,
4,104.51,46447,15076.97,14498.94,234,0,490,
5,104.45,46447,15089.61,14495.69,234,0,477,
6,104.73,46447,15102.62,14492.27,234,0,463,
7,102.37,46447,15115.65,14489.06,234,0,450,
8,102.25,46447,15128.7,14486.23,234,0,437,
9,102.25,46447,15142.52,14483.24,234,0,423,
10,105.28,46447,15156.29,14479.63,234,0,409,
11,105.28,46447,15168.8,14476.21,234,0,396,
12,105.28,46447,15181.32,14472.79,234,0,383,
13,105.19,46447,15194.43,14469.22,234,0,369,
14,105.19,46447,15207.51,14465.67,234,0,356,
15,105.23,46447,15220.91,14462.03,234,0,342,
16,105.29,46447,15233.67,14458.54,234,0,329,
17,105.29,46447,15246.3,14455.09,234,0,316,
18,105.29,46447,15259.8,14451.39,234,0,302,
19,105.29,46447,15272.65,14447.88,234,0,289,
20,105.29,46447,15285.24,14444.44,234,0,276,
21,104.62,46447,15295.03,14441.82,234,0,266,
22,91.94,46447,15301.26,14441.56,234,0,261,
23,84.21,46447,15304.07,14442,234,0,258,
24,69.47,46447,15306.54,14443.35,234,0,257,
25,9.59,46447,15305.27,14445.22,234,0,259,
26,281.99,46447,15302.32,14444.96,234,0,261,
27,269.26,46447,15297.11,14444.86,234,0,266,
28,285.28,46447,15290,14446.45,234,0,273,
29,285.28,46447,15281.38,14448.81,234,0,282,
30,285.28,46447,15270.25,14451.85,234,0,293,
31,285.29,46447,15257.29,14455.39,234,0,306,
32,285.29,46447,15243.61,14459.13,234,0,320,
33,285.29,46447,15230.16,14462.81,234,0,334,
34,285.23,46447,15216.81,14466.45,234,0,348,
35,285.19,46447,15203.66,14470.02,234,0,361,
36,285.19,46447,15190.39,14473.63,234,0,375,
37,285.28,46447,15177.86,14477.05,234,0,388,
38,285.28,46447,15164.87,14480.59,234,0,401,
39,285.28,46447,15151.27,14484.31,234,0,415,
40,282.26,46447,15137.85,14487.52,234,0,429,
41,282.29,46447,15124.31,14490.45,234,0,442,
42,282.81,46447,15110.71,14493.46,234,0,456,
43,284.72,46447,15098.87,14496.57,234,0,468,
44,284.67,46447,15087.69,14499.5,234,0,480,
45,284.47,46447,15075.85,14502.53,234,0,492,
46,284.58,46447,15065.33,14505.27,234,0,503,
47,284.58,46447,15058.68,14507,234,0,510,
48,284.58,46447,15056.37,14507.6,234,0,512,
49,284.58,46447,15055.87,14507.73,234,0,513,
50,284.58,46447,15055.85,14507.73,234,0,513,
51,284.58,46447,15055.83,14507.74,234,0,513,
52,284.58,46447,15055.83,14507.74,234,0,513,
53,284.58,46447,15055.83,14507.74,234,0,513,
54,284.58,46447,15055.83,14507.74,234,0,513,
55,284.58,46447,15055.83,14507.74,234,0,513,
56,284.58,46447,15055.83,14507.74,234,0,513,
57,284.58,46447,15055.83,14507.74,234,0,513,
58,284.58,46447,15055.83,14507.74,234,0,513,
59,284.58,46447,15055.83,14507.74,234,0,513,
60,284.58,46447,15055.83,14507.74,234,0,513,
61,284.58,46447,15055.83,14507.74,234,0,513,
62,284.58,46447,15055.83,14507.74,234,0,513,
63,284.58,46447,15055.83,14507.74,234,0,513,
64,284.58,46447,15055.83,14507.74,234,0,513,
65,284.58,46447,15055.83,14507.74,234,0,513,
66,284.58,46447,15055.28,14507.88,234,0,513,
67,284.58,46447,15055.28,14507.88,234,0,513,
68,284.58,46447,15055.28,14507.88,234,0,513,
69,284.58,46447,15053.03,14508.47,234,0,515,
70,284.58,46447,15049.79,14509.31,234,0,519,
71,284.58,46447,15044.52,14510.68,234,0,524,
72,284.58,46447,15042.7,14511.16,234,0,526,
73,284.58,46447,15041.3,14511.52,234,0,527,
74,284.58,46447,15037.88,14512.41,234,0,531,
75,286.38,46447,15033.44,14513.73,234,0,536,
76,286.76,46447,15033.16,14513.84,234,0,536,
77,286.94,46447,15033.04,14513.88,234,0,536,
78,286.97,46447,15033.02,14513.89,234,0,536,
79,286.98,46447,15033.02,14513.89,234,0,536,
80,286.98,46447,15033.01,14513.89,234,0,536,
81,286.98,46447,15033.01,14513.89,234,0,536,
82,286.98,46447,15033.01,14513.89,234,0,536,
83,286.98,46447,15033.01,14513.89,234,0,536,
84,286.98,46447,15033.01,14513.89,234,0,536,
85,286.98,46447,15033.01,14513.89,234,0,536,
86,286.98,46447,15033.01,14513.89,234,0,536,
87,286.98,46447,15033.01,14513.89,234,0,536,
88,286.98,46447,15033.01,14513.89,234,0,536,
89,286.98,46447,15033.01,14513.89,234,0,536,
90,286.98,46447,15033.01,14513.89,234,0,536,
91,286.98,46447,15033.01,14513.89,234,0,536,
92,286.98,46447,15033.01,14513.89,234,0,536,
93,286.98,46447,15033.01,14513.89,234,0,536,
94,286.98,46447,15033.01,14513.89,234,0,536,
95,286.98,46447,15033.01,14513.89,234,0,536,
96,286.98,46447,15033.01,14513.89,234,0,536,
97,286.98,46447,15033.01,14513.89,234,0,536,
98,286.98,46447,15033.01,14513.89,234,0,536,
99,286.98,46447,15033.01,14513.89,234,0,536,
100,286.98,46447,15033.01,14513.89,234,0,536,
101,286.98,46447,15033.01,14513.89,234,0,536,
102,286.98,46447,15033.01,14513.89,234,0,536,
103,286.98,46447,15033.01,14513.89,234,0,536,
104,286.98,46447,15033.01,14513.89,234,0,536,
105,286.98,46447,15033.01,14513.89,234,0,536,
106,286.98,46447,15033.01,14513.89,234,0,536,
107,286.98,46447,15033.01,14513.89,234,0,536,
108,286.98,46447,15033.01,14513.89,234,0,536,
109,286.98,46447,15033.01,14513.89,234,0,536,
110,286.98,46447,15033.01,14513.89,234,0,536,
111,286.98,46447,15033.01,14513.89,234,0,536,
112,286.98,46447,15033.01,14513.89,234,0,536,
113,286.98,46447,15033.01,14513.89,234,0,536,
114,286.98,46447,15033.01,14513.89,234,0,536,
115,286.98,46447,15033.01,14513.89,234,0,536,
116,286.98,46447,15033.01,14513.89,234,0,536,
117,286.98,46447,15033.01,14513.89,234,0,536,
118,286.98,46447,15033.01,14513.89,234,0,536,
119,286.98,46447,15033.01,14513.89,234,0,536,
120,286.98,46447,15033.01,14513.89,234,0,536,
121,286.98,46447,15033.01,14513.89,234,0,536,
122,286.98,46447,15033.01,14513.89,234,0,536,
123,286.98,46447,15033.01,14513.89,234,0,536,
124,286.98,46447,15033.01,14513.89,234,0,536,
125,286.98,46447,15033.01,14513.89,234,0,536,
126,286.98,46447,15033.01,14513.89,234,0,536,
127,286.98,46447,15033.01,14513.89,234,0,536,
128,286.98,46447,15033.01,14513.89,234,0,536,
129,286.98,46447,15033.01,14513.89,234,0,536,
130,286.98,46447,15033.01,14513.89,234,0,536,
131,286.98,46447,15033.01,14513.89,234,0,536,
132,286.98,46447,15033.01,14513.89,234,0,536,
133,286.98,46447,15033.01,14513.89,234,0,536,
134,286.98,46447,15033.01,14513.89,234,0,536,
135,286.98,46447,15033.01,14513.89,234,0,536,
136,286.98,46447,15033.01,14513.89,234,0,536,
137,286.98,46447,15033.01,14513.89,234,0,536,
138,286.98,46447,15033.01,14513.89,234,0,536,
139,286.98,46447,15033.01,14513.89,234,0,536,
140,286.98,46447,15033.01,14513.89,234,0,536,
141,286.98,46447,15033.01,14513.89,234,0,536,
142,286.98,46447,15033.01,14513.89,234,0,536,
143,286.98,46447,15033.01,14513.89,234,0,536,
144,286.98,46447,15033.01,14513.89,234,0,536,
145,286.98,46447,15033.01,14513.89,234,0,536,
146,286.98,46447,15033.01,14513.89,234,0,536,
147,286.98,46447,15033.01,14513.89,234,0,536,
148,286.98,46447,15033.01,14513.89,234,0,536,
149,286.98,46447,15033.01,14513.89,234,0,536,
150,286.98,46447,15033.01,14513.89,234,0,536,
151,286.98,46447,15033.01,14513.89,234,0,536,
152,286.98,46447,15033.01,14513.89,234,0,536,
153,288.7,46447,15030.67,14514.73,234,0,539,
154,289.59,46447,15026.09,14516.36,234,0,543,
155,282,46447,15018.93,14518.21,234,0,551,
156,259.93,46447,15010.3,14517.85,234,0,559,
157,208.11,46447,15004.56,14509.62,234,0,561,
158,208.11,46447,15001.88,14504.59,234,0,562,
159,208.11,46447,15001.24,14503.39,234,0,563,
160,208.11,46447,15001.04,14503.02,234,0,563,
161,208.11,46447,15001.03,14503.01,234,0,563,
162,208.11,46447,14997.84,14503.82,234,0,566,
163,208.11,46447,14997.84,14503.82,234,0,566,
164,208.11,46447,14997.84,14503.82,234,0,566,
165,208.11,46447,14997.84,14503.82,234,0,566,
166,208.11,46447,14997.84,14503.82,234,0,566,
167,208.11,46447,14997.84,14503.82,234,0,566,
168,208.11,46447,14997.84,14503.82,234,0,566,
169,208.11,46447,14997.84,14503.82,234,0,566,
170,208.11,46447,14997.84,14503.82,234,0,566,
171,208.11,46447,14997.84,14503.82,234,0,566,
172,208.11,46447,14997.84,14503.82,234,0,566,
173,208.11,46447,14997.84,14503.82,234,0,566,
174,208.11,46447,14997.84,14503.82,234,0,566,
175,208.11,46447,14997.84,14503.82,234,0,566,
176,208.11,46447,14997.84,14503.82,234,0,566,
177,208.11,46447,14997.84,14503.82,234,0,566,
178,208.11,46447,14997.84,14503.82,234,0,566,
179,208.11,46447,14997.84,14503.82,234,0,566,
180,208.85,46447,14996.81,14502.04,234,0,566,
181,211.34,46447,14994.65,14498.5,234,0,567,
182,211.34,46447,14991.65,14493.57,234,0,569,
183,211.34,46447,14987.47,14486.71,234,0,571,
184,212.85,46447,14982.1,14478.29,234,0,574,
185,223.53,46447,14974.41,14469.92,234,0,579,
186,223.53,46447,14964.9,14459.91,234,0,586,
187,238.59,46447,14953.6,14451.63,234,0,595,
188,241.12,46447,14941.95,14444.83,234,0,605,
189,241.12,46447,14929.6,14438.01,234,0,616,
190,241.68,46447,14917.94,14431.64,234,0,626,
191,242.86,46447,14905.59,14425.31,234,0,638,
192,242.86,46447,14893.83,14419.28,234,0,648,
193,242.86,46447,14881.6,14413.01,234,0,660,
194,242.86,46447,14869.17,14406.64,234,0,671,
195,242.86,46447,14857.55,14400.69,234,0,682,
196,242.86,46447,14845.46,14394.49,234,0,693,
197,242.86,46447,14832.87,14388.04,234,0,705,
198,243.68,46447,14820.34,14381.62,234,0,717,
199,243,46447,14807.71,14375.23,234,0,729,
200,243.03,46447,14795.74,14369.13,234,0,741,
201,242.97,46447,14784.03,14363.17,234,0,752,
202,242.97,46447,14772.14,14357.1,234,0,764,
203,242.97,46447,14760.33,14351.08,234,0,776,
204,242.97,46447,14748.31,14344.95,234,0,787,
205,243.91,46447,14736.42,14338.97,234,0,799,
206,241.03,46447,14724.09,14332.65,234,0,811,
207,241.03,46447,14712.33,14326.14,234,0,823,
208,237.04,46447,14700.54,14319.21,234,0,835,
209,220.64,46447,14691.08,14310.19,234,0,845,
210,220.64,46447,14682.32,14299.98,234,0,854,
211,217.43,46447,14673.54,14289.32,234,0,863,
1,11.27,47354,13957.68,15221.41,256,1,642,
2,11.27,47354,13959.77,15231.88,256,1,638,
3,11.27,47354,13961.47,15240.45,256,1,635,
4,11.28,47354,13959.64,15247.61,256,1,630,
5,11.28,47354,13961.24,15255.63,256,1,627,
6,11.28,47354,13963.12,15265.09,256,1,623,
7,11.27,47354,13965.32,15276.11,256,1,620,
8,11.27,47354,13967.38,15286.42,256,1,617,
9,11.27,47354,13969.47,15296.93,256,1,614,
10,11.27,47354,13971.57,15307.47,256,1,611,
11,11.28,47354,13973.59,15317.6,256,1,608,
12,11.24,47354,13975.65,15327.95,256,1,606,
13,11.02,47354,13977.69,15338.41,256,1,603,
14,11.02,47354,13979.65,15348.49,256,1,601,
15,11.02,47354,13981.78,15359.4,256,1,599,
16,11.02,47354,13983.82,15369.87,256,1,597,
17,10.62,47354,13985.78,15380.29,256,1,595,
18,10.62,47354,13987.89,15391.52,256,1,593,
19,10.62,47354,13989.87,15402.08,256,1,592,
20,10.62,47354,13991.96,15413.25,256,1,591,
21,10.62,47354,13994.01,15424.2,256,1,590,
22,10.62,47354,13995.79,15433.68,256,1,589,
23,11.98,47354,13996.96,15439.26,256,1,589,
24,12.3,47354,13997.61,15442.26,256,1,589,
25,12.3,47354,13998.12,15444.58,256,1,589,
26,6.39,47354,13998.64,15449.34,256,1,588,
27,350.73,47354,13997.89,15453.67,256,1,586,
28,322.48,47354,13995.41,15456.14,256,1,583,
29,254.73,47354,13991.31,15454.86,256,1,580,
30,236.52,47354,13987.05,15452.06,256,1,576,
31,235.75,47354,13981.3,15448.14,256,1,571,
32,231.33,47354,13974.51,15442.95,256,1,566,
33,231.33,47354,13966.62,15436.64,256,1,560,
34,231.33,47354,13958.5,15430.14,256,1,554,
35,230.68,47354,13948.45,15426.09,256,1,545,
36,230.68,47354,13940.31,15419.42,256,1,540,
37,230.68,47354,13931.55,15412.24,256,1,533,
38,230.68,47354,13922.85,15405.12,256,1,528,
39,230.68,47354,13914.71,15398.45,256,1,522,
40,230,47354,13906.36,15391.53,256,1,517,
41,228.96,47354,13897.88,15384.15,256,1,512,
42,228.96,47354,13889.51,15376.86,256,1,507,
43,228.96,47354,13881.03,15369.48,256,1,502,
44,228.96,47354,13872.88,15362.38,256,1,498,
45,228.96,47354,13864.8,15355.34,256,1,494,
46,230.68,47354,13855.88,15348.02,256,1,489,
47,230.68,47354,13847.75,15341.36,256,1,485,
48,230.68,47354,13839.42,15334.53,256,1,482,
49,230.04,47354,13830.64,15327.27,256,1,478,
50,232.34,47354,13821.68,15320.28,256,1,474,
51,232.34,47354,13813.28,15313.8,256,1,471,
52,232.34,47354,13804.97,15307.38,256,1,468,
53,206.22,47354,13799.03,15299.1,256,1,468,
54,206.22,47354,13794.3,15289.5,256,1,470,
55,206.22,47354,13789.71,15280.18,256,1,472,
56,206.22,47354,13784.63,15269.87,256,1,475,
57,206.22,47354,13779.84,15260.14,256,1,478,
58,203.84,47354,13775.33,15250.05,256,1,481,
59,203.84,47354,13770.9,15240.03,256,1,485,
60,203.84,47354,13766.24,15229.47,256,1,489,
61,204.36,47354,13762.04,15220.09,256,1,493,
62,204.16,47354,13757.74,15210.57,256,1,497,
63,203.78,47354,13753.53,15201.01,256,1,502,
64,203.77,47354,13749.31,15191.44,256,1,506,
65,203.77,47354,13744.67,15180.9,256,1,512,
66,203.77,47354,13740.08,15170.47,256,1,517,
67,203.12,47354,13735.62,15160.21,256,1,523,
68,202.88,47354,13731.33,15150.05,256,1,528,
69,202.89,47354,13726.97,15139.7,256,1,534,
70,202.89,47354,13722.63,15129.44,256,1,540,
71,202.89,47354,13718.36,15119.33,256,1,546,
72,202.87,47354,13714,15108.98,256,1,553,
73,202.6,47354,13709.97,15099.31,256,1,559,
74,202.6,47354,13705.79,15089.28,256,1,566,
75,202.6,47354,13701.42,15078.77,256,1,573,
76,202.61,47354,13697.27,15068.82,256,1,580,
77,202.61,47354,13693,15058.56,256,1,587,
78,202.61,47354,13688.83,15048.53,256,1,594,
79,202.61,47354,13684.73,15038.7,256,1,601,
80,202.61,47354,13680.56,15028.68,256,1,608,
81,202.61,47354,13676.55,15019.05,256,1,615,
82,202.61,47354,13672.37,15009.01,256,1,623,
83,204.17,47354,13669.73,15003.02,256,1,627,
84,215.03,47354,13666.47,14998.16,256,1,630,
85,261.26,47354,13660.3,14996.47,256,1,630,
86,282.81,47354,13650.85,14995.17,256,1,627,
87,282.86,47354,13639.88,14997.68,256,1,621,
88,282.86,47354,13629.49,15000.05,256,1,615,
89,282.86,47354,13618.89,15002.47,256,1,610,
90,282.86,47354,13608.11,15004.93,256,1,604,
91,282.86,47354,13597.4,15007.37,256,1,598,
92,282.86,47354,13586.47,15009.87,256,1,593,
93,283.05,47354,13575.3,15012.44,256,1,588,
94,284.82,47354,13565.29,15015.09,256,1,583,
95,284.82,47354,13555.19,15017.76,256,1,578,
96,284.69,47354,13544.4,15020.6,256,1,572,
97,284.45,47354,13533.32,15023.46,256,1,567,
98,284.45,47354,13522.46,15026.25,256,1,563,
99,284.47,47354,13511.68,15028.98,256,1,558,
100,284.75,47354,13501.05,15031.78,256,1,554,
101,284.75,47354,13490.16,15034.64,256,1,550,
102,284.75,47354,13480.85,15037.09,256,1,546,
103,284.71,47354,13472.47,15039.3,256,1,543,
104,270.49,47354,13468.41,15039.13,256,1,543,
105,231.93,47354,13463.95,15035.77,256,1,546,
106,216.67,47354,13459.22,15029.79,256,1,552,
107,214.08,47354,13453.99,15022.06,256,1,559,
108,214.08,47354,13447.91,15013.06,256,1,568,
109,214.08,47354,13441.46,15003.53,256,1,577,
110,214.08,47354,13435.4,14994.58,256,1,586,
111,214.08,47354,13429.08,14985.24,256,1,595,
112,214.08,47354,13422.87,14976.05,256,1,604,
113,214.08,47354,13416.42,14966.52,256,1,614,
114,214.08,47354,13410.46,14957.71,256,1,623,
2,76.67,47318,15322.12,14445.04,189,0,244,
3,15.98,47318,15326.55,14459.84,189,0,248,
4,5.15,47318,15327.81,14473.17,189,0,254,
5,9.55,47318,15329.69,14486.46,189,0,260,
6,11,47318,15331.86,14498.61,189,0,266,
7,11,47318,15333.47,14506.89,189,0,270,
8,11,47318,15334.24,14510.87,189,0,272,
9,348.36,47318,15333.14,14514.13,189,0,275,
10,241.22,47318,15330.77,14511.61,189,0,276,
11,195.13,47318,15326.23,14507.08,189,0,276,
12,195.13,47318,15324.38,14500.23,189,0,273,
13,195.13,47318,15321.86,14490.91,189,0,269,
14,195.13,47318,15318.96,14480.2,189,0,265,
15,196.51,47318,15315.37,14468.14,189,0,261,
16,196.51,47318,15312.08,14457.02,189,0,258,
17,200.54,47318,15309.58,14450.17,189,0,257,
18,234.52,47318,15304.53,14445.32,189,0,259,
19,272.87,47318,15295.79,14444.97,189,0,267,
20,285.28,47318,15285.86,14447.58,189,0,277,
21,285.28,47318,15274.49,14450.69,189,0,289,
22,285.29,47318,15260.85,14454.42,189,0,303,
23,285.29,47318,15248.09,14457.91,189,0,316,
24,285.29,47318,15235.54,14461.34,189,0,329,
25,285.29,47318,15222.23,14464.98,189,0,342,
26,285.19,47318,15208.59,14468.69,189,0,356,
27,285.19,47318,15195.07,14472.36,189,0,370,
28,285.28,47318,15182.57,14475.76,189,0,383,
29,285.28,47318,15169.81,14479.25,189,0,396,
30,285.28,47318,15156.56,14482.86,189,0,410,
31,283.49,47318,15143.13,14486.37,189,0,423,
32,282.26,47318,15129.38,14489.35,189,0,437,
33,282.29,47318,15115.56,14492.36,189,0,451,
34,284.72,47318,15102.12,14495.72,189,0,465,
35,284.72,47318,15089.2,14499.11,189,0,478,
36,284.47,47318,15076.97,14502.24,189,0,491,
37,284.58,47318,15063.82,14505.66,189,0,504,
38,284.58,47318,15053.04,14508.47,189,0,515,
39,284.58,47318,15044.97,14510.57,189,0,524,
40,284.58,47318,15041.29,14511.52,189,0,528,
41,284.58,47318,15041.22,14511.54,189,0,528,
42,284.58,47318,15041.19,14511.55,189,0,528,
43,284.58,47318,15041.18,14511.55,189,0,528,
44,284.58,47318,15041.17,14511.55,189,0,528,
45,284.58,47318,15041.17,14511.55,189,0,528,
46,284.58,47318,15041.17,14511.55,189,0,528,
47,284.58,47318,15041.17,14511.55,189,0,528,
48,284.58,47318,15041.17,14511.55,189,0,528,
49,284.58,47318,15041.17,14511.55,189,0,528,
50,284.58,47318,15041.17,14511.55,189,0,528,
51,284.58,47318,15041.17,14511.55,189,0,528,
52,284.58,47318,15041.17,14511.55,189,0,528,
53,284.58,47318,15041.17,14511.55,189,0,528,
54,284.58,47318,15041.17,14511.55,189,0,528,
55,284.58,47318,15041.17,14511.55,189,0,528,
56,284.58,47318,15041.17,14511.55,189,0,528,
57,284.58,47318,15041.17,14511.55,189,0,528,
58,284.58,47318,15041.17,14511.55,189,0,528,
59,284.58,47318,15041.17,14511.55,189,0,528,
60,284.58,47318,15041.17,14511.55,189,0,528,
61,284.58,47318,15041.17,14511.55,189,0,528,
62,284.58,47318,15041.17,14511.55,189,0,528,
63,284.58,47318,15041.17,14511.55,189,0,528,
64,284.58,47318,15039.86,14511.9,189,0,529,
65,284.58,47318,15037.64,14512.47,189,0,531,
66,286.45,47318,15033.37,14513.75,189,0,536,
67,289.59,47318,15027.31,14515.93,189,0,542,
68,281.49,47318,15018.63,14518.27,189,0,551,
69,262.6,47318,15010.61,14518.11,189,0,559,
70,246.73,47318,15003.63,14514.68,189,0,564,
71,208.11,47318,15000.14,14508.14,189,0,565,
72,208.11,47318,14998.5,14505.07,189,0,566,
73,208.11,47318,14997.98,14504.09,189,0,566,
74,208.11,47318,14997.89,14503.94,189,0,566,
75,208.11,47318,14997.84,14503.84,189,0,566,
76,208.11,47318,14997.84,14503.82,189,0,566,
77,208.11,47318,14997.84,14503.82,189,0,566,
78,208.11,47318,14997.84,14503.82,189,0,566,
79,208.11,47318,14997.84,14503.82,189,0,566,
80,208.11,47318,14997.84,14503.82,189,0,566,
81,208.11,47318,14997.84,14503.82,189,0,566,
82,208.11,47318,14997.84,14503.82,189,0,566,
83,208.11,47318,14997.84,14503.82,189,0,566,
84,208.11,47318,14997.84,14503.82,189,0,566,
85,208.11,47318,14997.84,14503.82,189,0,566,
86,208.11,47318,14997.84,14503.82,189,0,566,
87,208.11,47318,14997.84,14503.82,189,0,566,
88,208.11,47318,14997.84,14503.82,189,0,566,
89,208.11,47318,14997.84,14503.82,189,0,566,
90,208.54,47318,14997.06,14502.45,189,0,566,
91,211.18,47318,14995.05,14499.15,189,0,567,
92,211.34,47318,14992.15,14494.39,189,0,569,
93,211.34,47318,14988.02,14487.61,189,0,571,
94,212.85,47318,14982.35,14478.68,189,0,574,
95,223.53,47318,14974.14,14469.64,189,0,579,
96,223.53,47318,14964.46,14459.45,189,0,586,
97,238.59,47318,14954.04,14451.9,189,0,595,
98,241.12,47318,14941.86,14444.78,189,0,605,
99,241.12,47318,14929.5,14437.96,189,0,616,
100,241.94,47318,14917.29,14431.3,189,0,627,
101,242.86,47318,14905.76,14425.4,189,0,637,
102,242.86,47318,14893.48,14419.1,189,0,649,
103,242.86,47318,14881.41,14412.91,189,0,660,
104,242.86,47318,14869.13,14406.62,189,0,671,
105,242.86,47318,14856.6,14400.2,189,0,683,
106,242.86,47318,14844.97,14394.24,189,0,694,
107,242.86,47318,14833.44,14388.33,189,0,705,
108,243.68,47318,14821.45,14382.18,189,0,716,
109,242.98,47318,14809.66,14376.22,189,0,728,
110,243.03,47318,14798.03,14370.3,189,0,739,
111,242.97,47318,14785.46,14363.89,189,0,751,
112,242.97,47318,14773.36,14357.73,189,0,763,
113,242.97,47318,14761.23,14351.54,189,0,775,
114,242.97,47318,14749,14345.3,189,0,787,
115,243.74,47318,14736.59,14339.04,189,0,799,
116,241.03,47318,14724.47,14332.85,189,0,811,
117,241.03,47318,14712.16,14326.04,189,0,823,
118,237.23,47318,14700.61,14319.27,189,0,835,
119,220.64,47318,14691.12,14310.23,189,0,845,
120,220.64,47318,14682.54,14300.24,189,0,853,
121,217.88,47318,14673.79,14289.66,189,0,863,
2,21.47,47641,14875.46,15141.67,49,0,1048,
3,21.47,47641,14880.55,15154.6,49,0,1055,
4,21.46,47641,14885.52,15167.26,49,0,1062,
5,21.46,47641,14890.75,15180.57,49,0,1070,
6,21.46,47641,14895.81,15193.43,49,0,1077,
7,21.46,47641,14900.99,15206.61,49,0,1084,
8,21.46,47641,14905.85,15218.97,49,0,1092,
9,21.47,47641,14910.89,15231.78,49,0,1099,
10,21.47,47641,14915.98,15244.72,49,0,1107,
11,21.46,47641,14920.95,15257.36,49,0,1115,
12,21.47,47641,14926.2,15270.73,49,0,1123,
13,21.47,47641,14931.48,15284.14,49,0,1132,
14,21.47,47641,14936.61,15297.18,49,0,1140,
15,21.48,47641,14941.57,15309.8,49,0,1148,
16,21.48,47641,14946.65,15322.69,49,0,1157,
17,21.47,47641,14951.6,15335.28,49,0,1165,
18,21.47,47641,14956.71,15348.28,49,0,1174,
19,21.42,47641,14961.99,15361.72,49,0,1183,
20,21.32,47641,14966.98,15374.49,49,0,1192,
21,21.33,47641,14971.85,15386.97,49,0,1200,
22,21.33,47641,14976.83,15399.74,49,0,1209,
23,21.33,47641,14981.73,15412.29,49,0,1218,
24,21.33,47641,14986.86,15425.43,49,0,1228,
25,21.33,47641,14991.88,15438.28,49,0,1237,
26,21.36,47641,14997.05,15451.51,49,0,1246,
27,21.36,47641,15002.01,15464.2,49,0,1256,
28,21.36,47641,15007.18,15477.42,49,0,1266,
29,21.36,47641,15012.16,15490.14,49,0,1275,
30,21.33,47641,15017.12,15502.85,49,0,1285,
31,21.33,47641,15021.93,15515.17,49,0,1294,
32,21.33,47641,15027.04,15528.25,49,0,1304,
33,21.33,47641,15032.04,15541.05,49,0,1314,
34,21.33,47641,15036.93,15553.59,49,0,1324,
35,21.33,47641,15041.81,15566.08,49,0,1333,
36,21.34,47641,15046.93,15579.18,49,0,1344,
37,21.34,47641,15051.83,15591.74,49,0,1354,
38,21.34,47641,15057,15604.95,49,0,1364,
39,21.34,47641,15062.07,15617.94,49,0,1375,
40,21.23,47641,15066.94,15630.48,49,0,1385,
41,21.23,47641,15071.87,15643.16,49,0,1395,
42,21.23,47641,15077.09,15656.6,49,0,1406,
43,21.23,47641,15082.01,15669.28,49,0,1416,
44,21.23,47641,15086.78,15681.54,49,0,1427,
45,21.23,47641,15091.99,15694.97,49,0,1438,
46,21.25,47641,15097.2,15708.36,49,0,1449,
47,21.25,47641,15102.15,15721.09,49,0,1460,
2,133.08,48854,14427.85,14365.2,127,0,1108,
3,141.08,48854,14433.09,14359.11,127,0,1103,
4,141.08,48854,14437.49,14353.66,127,0,1098,
5,147.52,48854,14441.73,14347.51,127,0,1094,
6,148.51,48854,14445.94,14340.65,127,0,1090,
7,148.51,48854,14449.75,14334.43,127,0,1086,
8,151.45,48854,14453.73,14327.45,127,0,1082,
9,152.31,48854,14457.19,14320.85,127,0,1078,
10,155.5,48854,14460.33,14314.28,127,0,1075,
11,157.74,48854,14463,14307.74,127,0,1073,
12,163.26,48854,14465.39,14300.36,127,0,1070,
13,163.26,48854,14467.62,14292.97,127,0,1068,
14,170.15,48854,14469.14,14285.73,127,0,1067,
3,196.2,45884,15391.27,14724.21,368,0,422,
4,198,45884,15387.99,14713.54,368,0,413,
5,197.46,45884,15384.24,14701.82,368,0,404,
6,197.43,45884,15380.64,14690.38,368,0,395,
7,194.84,45884,15377.6,14679.25,368,0,386,
8,194.84,45884,15374.66,14668.13,368,0,377,
9,194.84,45884,15371.51,14656.25,368,0,368,
10,194.84,45884,15368.56,14645.12,368,0,359,
11,194.84,45884,15365.4,14633.22,368,0,350,
12,196.6,45884,15362.1,14621.36,368,0,341,
13,196.6,45884,15358.77,14610.22,368,0,334,
14,196.6,45884,15355.55,14599.41,368,0,326,
15,196.6,45884,15352.08,14587.76,368,0,319,
16,196.36,45884,15348.84,14576.82,368,0,312,
17,195.52,45884,15345.63,14565.27,368,0,304,
18,195.52,45884,15342.48,14553.9,368,0,298,
19,195.52,45884,15339.33,14542.56,368,0,291,
20,195.52,45884,15336.35,14531.83,368,0,286,
21,195.52,45884,15334.27,14524.34,368,0,282,
22,195.52,45884,15333.39,14521.18,368,0,280,
23,168.45,45884,15334.7,14518.74,368,0,278,
24,72.94,45884,15336.62,14520.86,368,0,278,
25,15.53,45884,15337.96,14525.71,368,0,280,
26,15.53,45884,15339.66,14531.82,368,0,283,
27,15.53,45884,15341.76,14539.35,368,0,287,
28,15.53,45884,15344.32,14548.59,368,0,292,
29,15.53,45884,15347.49,14559.99,368,0,299,
30,15.53,45884,15350.59,14571.14,368,0,306,
31,16.59,45884,15353.9,14582.65,368,0,313,
32,16.59,45884,15357.12,14593.45,368,0,320,
33,16.59,45884,15360.59,14605.11,368,0,328,
34,16.59,45884,15363.82,14615.95,368,0,336,
35,15.93,45884,15367.12,14627.24,368,0,344,
36,14.85,45884,15370.23,14638.93,368,0,353,
37,14.85,45884,15373.1,14649.77,368,0,361,
38,14.85,45884,15376.04,14660.86,368,0,370,
39,14.85,45884,15379.2,14672.78,368,0,379,
40,14.85,45884,15382.31,14684.49,368,0,389,
41,17.41,45884,15385.46,14695.05,368,0,397,
42,17.41,45884,15387.54,14701.68,368,0,403,
43,17.41,45884,15388.56,14704.92,368,0,405,
44,17.42,45884,15388.73,14705.47,368,0,406,
45,17.47,45884,15388.84,14705.81,368,0,406,
46,17.47,45884,15388.84,14705.82,368,0,406,
47,17.47,45884,15388.85,14705.83,368,0,406,
48,17.58,45884,15389.14,14706.72,368,0,407,
49,17.8,45884,15389.68,14708.39,368,0,408,
50,18.03,45884,15390.93,14712.25,368,0,411,
51,18.03,45884,15392.62,14717.41,368,0,415,
52,16.24,45884,15394.52,14723.93,368,0,421,
53,20.17,45884,15396.66,14730.04,368,0,426,
54,58.72,45884,15401.12,14733.26,368,0,428,
55,99.25,45884,15407.65,14732.75,368,0,425,
56,104.48,45884,15416.04,14730.59,368,0,421,
57,104.48,45884,15426.92,14727.78,368,0,415,
58,105.33,45884,15438.29,14724.76,368,0,409,
59,107.31,45884,15449.08,14721.4,368,0,403,
60,107.31,45884,15460.16,14717.94,368,0,398,
61,107.31,45884,15471.57,14714.39,368,0,392,
62,107.31,45884,15483.14,14710.78,368,0,387,
63,107.31,45884,15494.73,14707.17,368,0,382,
64,107.31,45884,15505.83,14703.71,368,0,377,
65,106.27,45884,15516.87,14700.36,368,0,373,
66,105.58,45884,15527.58,14697.37,368,0,370,
67,100.42,45884,15538.39,14694.9,368,0,367,
68,103.64,45884,15549.95,14692.91,368,0,366,
69,104.83,45884,15561.87,14689.75,368,0,363,
70,104.83,45884,15573.27,14686.73,368,0,361,
3,201.63,48515,14863.4,15119.88,49,0,1039,
4,201.64,48515,14858.5,15107.54,49,0,1033,
5,201.64,48515,14853.67,15095.35,49,0,1027,
6,201.64,48515,14849,15083.59,49,0,1021,
7,201.64,48515,14844.21,15071.52,49,0,1016,
8,201.64,48515,14839.39,15059.38,49,0,1010,
9,201.64,48515,14834.77,15047.72,49,0,1005,
10,201.65,48515,14830.14,15036.06,49,0,1000,
11,201.65,48515,14825.68,15024.83,49,0,995,
12,201.66,48515,14821.17,15013.46,49,0,991,
13,201.65,48515,14816.36,15001.36,49,0,986,
14,201.65,48515,14811.78,14989.83,49,0,981,
15,201.65,48515,14807.06,14977.94,49,0,977,
16,201.65,48515,14802.35,14966.06,49,0,972,
17,201.65,48515,14797.46,14953.75,49,0,968,
18,201.65,48515,14792.68,14941.7,49,0,964,
19,201.65,48515,14788.06,14930.05,49,0,960,
20,201.65,48515,14783.36,14918.21,49,0,957,
21,201.66,48515,14779.46,14908.38,49,0,954,
22,201.66,48515,14777.09,14902.43,49,0,952,
23,157.24,48515,14778.65,14897.84,49,0,948,
24,113.26,48515,14783.92,14895.44,49,0,942,
25,111.29,48515,14791.32,14892.56,49,0,935,
26,111.29,48515,14800.73,14888.89,49,0,925,
27,109.33,48515,14812.09,14884.67,49,0,913,
28,109.57,48515,14824.56,14880.28,49,0,901,
29,112.22,48515,14836.64,14875.34,49,0,888,
30,111.9,48515,14848.66,14870.46,49,0,876,
31,108.96,48515,14860.53,14866.38,49,0,864,
32,108.96,48515,14872.7,14862.2,49,0,852,
33,111.27,48515,14885.02,14857.44,49,0,839,
34,111.27,48515,14896.7,14852.89,49,0,827,
35,111.27,48515,14908.02,14848.49,49,0,816,
36,111.27,48515,14919.49,14844.02,49,0,804,
37,111.27,48515,14931.32,14839.42,49,0,792,
38,111.57,48515,14943.66,14834.58,49,0,780,
39,123.66,48515,14954.46,14828.6,49,0,767,
40,124.91,48515,14964.83,14821.13,49,0,755,
41,122.31,48515,14975.89,14814.61,49,0,742,
42,133.35,48515,14984.98,14806.03,49,0,730,
43,129,48515,14994.05,14798.06,49,0,718,
44,123.56,48515,15004.44,14790.84,49,0,705,
45,120.62,48515,15014.69,14784.34,49,0,693,
46,114.58,48515,15025.5,14778.64,49,0,681,
47,113.18,48515,15037.08,14773.68,49,0,669,
48,113.18,48515,15046.63,14769.59,49,0,659,
49,113.18,48515,15052.5,14767.08,49,0,653,
50,113.18,48515,15055.86,14765.63,49,0,650,
51,113.18,48515,15055.91,14765.61,49,0,650,
52,113.18,48515,15055.95,14765.6,49,0,650,
53,113.18,48515,15055.95,14765.6,49,0,650,
54,113.18,48515,15055.96,14765.59,49,0,650,
55,113.18,48515,15055.96,14765.59,49,0,650,
56,113.18,48515,15055.96,14765.59,49,0,650,
57,113.18,48515,15055.96,14765.59,49,0,650,
58,113.18,48515,15055.96,14765.59,49,0,650,
59,113.18,48515,15054.7,14762.65,49,0,649,
60,113.18,48515,15054.7,14762.65,49,0,649,
61,113.18,48515,15054.7,14762.65,49,0,649,
62,113.18,48515,15054.7,14762.65,49,0,649,
63,113.18,48515,15054.7,14762.65,49,0,649,
64,113.18,48515,15054.7,14762.65,49,0,649,
65,113.18,48515,15054.7,14762.65,49,0,649,
66,113.18,48515,15054.7,14762.65,49,0,649,
67,113.18,48515,15054.7,14762.65,49,0,649,
68,113.18,48515,15054.7,14762.65,49,0,649,
69,113.18,48515,15054.7,14762.65,49,0,649,
70,113.18,48515,15054.7,14762.65,49,0,649,
71,113.18,48515,15054.7,14762.65,49,0,649,
72,113.18,48515,15054.7,14762.65,49,0,649,
73,113.18,48515,15054.7,14762.65,49,0,649,
74,113.18,48515,15054.7,14762.65,49,0,649,
75,113.18,48515,15054.7,14762.65,49,0,649,
76,113.18,48515,15054.7,14762.65,49,0,649,
77,113.18,48515,15054.7,14762.65,49,0,649,
78,113.18,48515,15054.7,14762.65,49,0,649,
79,113.18,48515,15054.7,14762.65,49,0,649,
80,113.18,48515,15054.7,14762.65,49,0,649,
81,113.18,48515,15054.7,14762.65,49,0,649,
82,113.18,48515,15054.7,14762.65,49,0,649,
83,113.18,48515,15054.7,14762.65,49,0,649,
84,113.18,48515,15054.7,14762.65,49,0,649,
85,113.18,48515,15054.7,14762.65,49,0,649,
86,113.18,48515,15054.7,14762.65,49,0,649,
87,113.18,48515,15054.7,14762.65,49,0,649,
88,113.18,48515,15054.7,14762.65,49,0,649,
89,113.18,48515,15054.7,14762.65,49,0,649,
90,112.47,48515,15056.34,14762.02,49,0,647,
91,109.04,48515,15059.94,14760.81,49,0,644,
92,108.66,48515,15066.4,14761.98,49,0,640,
93,108.34,48515,15073.95,14759.46,49,0,632,
94,100.47,48515,15084.23,14757.56,49,0,624,
95,94.22,48515,15096.06,14756.09,49,0,614,
96,90.23,48515,15108.99,14755.49,49,0,604,
97,89.25,48515,15121.9,14755.53,49,0,595,
98,86.77,48515,15134.16,14755.93,49,0,587,
99,86.7,48515,15146.62,14756.64,49,0,579,
100,83.09,48515,15159.35,14758.18,49,0,572,
101,83.09,48515,15171.86,14759.7,49,0,565,
102,83.09,48515,15184.09,14761.18,49,0,558,
103,83.09,48515,15196.21,14762.65,49,0,552,
104,83.09,48515,15209.39,14764.24,49,0,545,
105,83.09,48515,15222.17,14765.79,49,0,539,
106,87.51,48515,15235.27,14766.96,49,0,532,
107,91.41,48515,15247.88,14767.17,49,0,526,
108,89.69,48515,15260.16,14766.02,49,0,518,
109,90.16,48515,15272.53,14766.04,49,0,512,
110,91.78,48515,15285.68,14765.64,49,0,505,
111,95.04,48515,15298.9,14764.77,49,0,497,
112,101.85,48515,15311.62,14762.57,49,0,489,
113,105.05,48515,15323.71,14759.32,49,0,481,
114,105.05,48515,15336.17,14755.97,49,0,473,
115,105.05,48515,15348.98,14752.53,49,0,464,
116,105.05,48515,15361.72,14749.1,49,0,456,
117,106.86,48515,15373.99,14745.64,49,0,448,
118,108.06,48515,15385.46,14741.9,49,0,441,
119,108.06,48515,15397.44,14737.99,49,0,433,
120,105.97,48515,15409.76,14734.46,49,0,426,
121,105.97,48515,15422.24,14730.88,49,0,419,
122,105.97,48515,15434.31,14727.43,49,0,413,
123,105.97,48515,15446.56,14723.92,49,0,406,
124,105.97,48515,15458.79,14720.42,49,0,400,
125,105.97,48515,15470.78,14717,49,0,395,
126,105.97,48515,15482.63,14713.61,49,0,390,
127,105.97,48515,15495.15,14710.02,49,0,385,
128,105.97,48515,15507.9,14706.37,49,0,380,
129,105.97,48515,15520.51,14702.77,49,0,376,
130,105.97,48515,15533.07,14699.17,145,0,372,
131,105.97,48515,15545.64,14695.57,145,0,368,
132,110.1,48515,15557.06,14691.89,145,0,365,
133,110.1,48515,15568.71,14687.63,145,0,362,
3,76.67,48900,15322.12,14445.04,189,0,244,
4,19.93,48900,15328.54,14455.15,189,0,243,
5,5.15,48900,15327.39,14468.49,189,0,252,
6,7.23,48900,15328.6,14479.99,189,0,257,
7,9.55,48900,15330.49,14491.2,189,0,263,
8,11,48900,15332.02,14499.43,189,0,267,
9,11,48900,15332.78,14503.35,189,0,269,
10,11,48900,15333.48,14506.92,189,0,270,
11,11,48900,15334.08,14510.03,189,0,272,
12,2.96,48900,15334.04,14513.31,189,0,274,
13,321.95,48900,15332.05,14513.74,189,0,276,
14,223.47,48900,15330.57,14510.85,189,0,275,
15,195.13,48900,15326.09,14506.55,189,0,276,
16,195.13,48900,15324.24,14499.72,189,0,273,
17,195.13,48900,15321.77,14490.59,189,0,269,
18,195.13,48900,15318.69,14479.19,189,0,265,
19,196.51,48900,15315.17,14467.45,189,0,261,
20,196.51,48900,15312.08,14457.03,189,0,258,
21,200.27,48900,15309.73,14450.52,189,0,257,
22,222.43,48900,15305.96,14445.78,189,0,258,
23,262.04,48900,15299.75,14444.65,189,0,263,
24,282.71,48900,15291.62,14446.01,189,0,271,
25,285.28,48900,15282.21,14448.58,189,0,281,
26,285.28,48900,15271.13,14451.61,189,0,292,
27,285.29,48900,15259.94,14454.66,189,0,304,
28,285.29,48900,15248,14457.93,189,0,316,
29,285.29,48900,15236.49,14461.08,189,0,328,
30,285.29,48900,15224.81,14464.27,189,0,340,
31,285.19,48900,15212.91,14467.51,189,0,352,
32,285.19,48900,15201.77,14470.54,189,0,363,
33,285.19,48900,15189.6,14473.84,189,0,376,
34,285.28,48900,15178.43,14476.89,189,0,387,
35,285.28,48900,15166.98,14480.02,189,0,399,
36,285.28,48900,15154.86,14483.33,189,0,411,
37,283.16,48900,15142.59,14486.49,189,0,424,
38,282.23,48900,15130.18,14489.17,189,0,437,
39,282.29,48900,15117.85,14491.86,189,0,449,
40,284.72,48900,15105.42,14494.85,189,0,462,
41,284.72,48900,15093.8,14497.9,189,0,474,
42,284.3,48900,15084.39,14500.34,189,0,483,
43,284.47,48900,15076.14,14502.46,189,0,492,
44,284.58,48900,15064.59,14505.46,189,0,504,
45,284.58,48900,15054.85,14507.99,189,0,514,
46,284.58,48900,15049.52,14509.38,189,0,519,
47,284.58,48900,15048.58,14509.63,189,0,520,
48,284.58,48900,15048.52,14509.64,189,0,520,
49,284.58,48900,15048.51,14509.64,189,0,520,
50,284.58,48900,15048.5,14509.65,189,0,520,
51,284.58,48900,15048.5,14509.65,189,0,520,
52,284.58,48900,15048.5,14509.65,189,0,520,
53,284.58,48900,15048.5,14509.65,189,0,520,
54,284.58,48900,15048.5,14509.65,189,0,520,
55,284.58,48900,15048.5,14509.65,189,0,520,
56,284.58,48900,15048.5,14509.65,189,0,520,
57,284.58,48900,15048.5,14509.65,189,0,520,
58,284.58,48900,15048.5,14509.65,189,0,520,
59,284.58,48900,15048.5,14509.65,189,0,520,
60,284.58,48900,15048.5,14509.65,189,0,520,
61,284.58,48900,15048.5,14509.65,189,0,520,
62,284.58,48900,15048.5,14509.65,189,0,520,
63,284.58,48900,15048.5,14509.65,189,0,520,
64,284.58,48900,15048.5,14509.65,189,0,520,
65,284.58,48900,15047.82,14509.82,189,0,521,
66,284.58,48900,15045.58,14510.41,189,0,523,
67,284.58,48900,15041.04,14511.59,189,0,528,
68,285.38,48900,15035.45,14513.11,189,0,534,
69,289.59,48900,15027.77,14515.76,189,0,542,
70,283.13,48900,15019.59,14518.08,189,0,550,
71,270.86,48900,15012.92,14518.49,189,0,557,
72,183.58,48900,15009.78,14512.59,189,0,557,
73,208.13,48900,15006.29,14506.07,189,0,559,
74,208.13,48900,15004.65,14503,189,0,559,
75,208.13,48900,15004.31,14502.37,189,0,559,
76,208.13,48900,15004.23,14502.21,189,0,559,
77,208.13,48900,15004.23,14502.21,189,0,559,
78,208.13,48900,15004.23,14502.21,189,0,559,
79,208.13,48900,15004.23,14502.21,189,0,559,
80,208.13,48900,15004.23,14502.21,189,0,559,
81,208.13,48900,15004.23,14502.21,189,0,559,
82,208.13,48900,15004.23,14502.21,189,0,559,
83,208.13,48900,15004.23,14502.21,189,0,559,
84,208.13,48900,15004.23,14502.21,189,0,559,
85,208.13,48900,15004.23,14502.21,189,0,559,
86,208.13,48900,15004.23,14502.21,189,0,559,
87,208.13,48900,15004.23,14502.21,189,0,559,
88,208.13,48900,15004.23,14502.21,189,0,559,
89,208.13,48900,15004.23,14502.21,189,0,559,
90,208.86,48900,15003.16,14500.35,189,0,560,
91,211.06,48900,15001.11,14496.95,189,0,561,
92,211.1,48900,14997.73,14491.34,189,0,562,
93,211.1,48900,14993.6,14484.49,189,0,564,
94,212.8,48900,14988.72,14476.74,189,0,567,
95,223.55,48900,14981.77,14468.37,189,0,571,
96,223.55,48900,14973.1,14459.25,189,0,578,
97,226.64,48900,14964.95,14451.07,189,0,584,
98,238.57,48900,14954.11,14444.44,189,0,593,
99,241.12,48900,14943.11,14438.15,189,0,603,
100,241.12,48900,14932.8,14432.46,189,0,612,
101,241.21,48900,14922.13,14426.59,189,0,621,
102,242.86,48900,14911.05,14420.91,189,0,631,
103,242.86,48900,14899.65,14415.06,189,0,642,
104,242.86,48900,14885.78,14411.55,189,0,655,
105,242.86,48900,14875.12,14406.09,189,0,665,
106,242.86,48900,14864.29,14400.54,189,0,675,
107,242.86,48900,14852.98,14394.74,189,0,686,
108,242.86,48900,14842.01,14389.12,189,0,696,
109,242.86,48900,14831.59,14383.78,189,0,706,
110,243.65,48900,14820.25,14378.01,189,0,717,
111,243.02,48900,14809.39,14372.5,189,0,728,
112,243.03,48900,14795.52,14369.02,189,0,741,
113,242.97,48900,14784.38,14363.35,189,0,752,
114,242.97,48900,14773.7,14357.9,189,0,762,
115,242.97,48900,14762.74,14352.3,189,0,773,
116,242.97,48900,14751.63,14346.64,189,0,784,
117,242.97,48900,14740.32,14340.87,189,0,795,
118,242.89,48900,14729.71,14335.76,189,0,806,
119,241.03,48900,14718.56,14329.58,189,0,817,
120,241.03,48900,14707.71,14323.58,189,0,828,
121,230.75,48900,14697.26,14316.53,189,0,838,
122,220.64,48900,14689.2,14307.99,189,0,847,
123,220.64,48900,14681.56,14299.09,189,0,854,
124,217.84,48900,14673.77,14289.64,189,0,863,
4,196.2,48479,15391.27,14724.21,368,0,422,
5,197.07,48479,15388.9,14716.32,368,0,416,
6,198,48479,15385.95,14707.24,368,0,408,
7,197.43,48479,15382.54,14696.43,368,0,400,
8,196.06,48479,15379.39,14686,368,0,391,
9,194.84,48479,15376.82,14676.28,368,0,383,
10,194.84,48479,15373.73,14664.63,368,0,374,
11,194.84,48479,15370.93,14654.08,368,0,366,
12,194.84,48479,15367.73,14642.01,368,0,357,
13,194.84,48479,15364.67,14630.45,368,0,348,
14,196.6,48479,15361.61,14619.74,368,0,340,
15,196.6,48479,15358.23,14608.4,368,0,332,
16,196.6,48479,15354.74,14596.68,368,0,324,
17,196.6,48479,15351.53,14585.91,368,0,317,
18,195.82,48479,15348.18,14574.42,368,0,310,
19,195.52,48479,15345.13,14563.44,368,0,303,
20,195.52,48479,15341.95,14552,368,0,297,
21,195.52,48479,15339.03,14541.49,368,0,291,
22,195.52,48479,15336.92,14533.9,368,0,287,
23,195.52,48479,15335.58,14529.06,368,0,284,
24,195.52,48479,15334.73,14526.01,368,0,283,
25,195.52,48479,15333.82,14522.73,368,0,281,
26,191.86,48479,15333.42,14520.1,368,0,279,
27,145.09,48479,15335.55,14519.13,368,0,277,
28,51.45,48479,15336.83,14521.62,368,0,278,
29,15.53,48479,15338.01,14525.88,368,0,280,
30,15.53,48479,15339.68,14531.88,368,0,283,
31,15.53,48479,15341.79,14539.48,368,0,287,
32,15.53,48479,15344.48,14549.16,368,0,293,
33,15.53,48479,15347.78,14561.02,368,0,300,
34,15.53,48479,15351.72,14575.21,368,0,309,
35,16.59,48479,15355.78,14588.95,368,0,317,
36,16.59,48479,15359.98,14603.05,368,0,327,
37,16.59,48479,15363.89,14616.2,368,0,336,
38,14.89,48479,15367.89,14630.12,368,0,346,
39,14.85,48479,15371.52,14643.8,368,0,356,
40,14.85,48479,15375.23,14657.82,368,0,367,
41,14.85,48479,15378.72,14670.97,368,0,378,
42,14.85,48479,15381.88,14682.88,368,0,387,
43,17,48479,15384.41,14691.7,368,0,394,
44,17.41,48479,15385.99,14696.74,368,0,399,
45,17.41,48479,15386.28,14697.66,368,0,399,
46,17.41,48479,15386.49,14698.32,368,0,400,
47,17.41,48479,15386.57,14698.59,368,0,400,
48,17.41,48479,15386.59,14698.65,368,0,400,
49,17.41,48479,15386.8,14699.31,368,0,401,
50,17.41,48479,15387.26,14700.78,368,0,402,
51,17.41,48479,15388.33,14704.2,368,0,405,
52,17.98,48479,15390.12,14709.74,368,0,409,
53,18.03,48479,15392.04,14715.65,368,0,414,
54,16.42,48479,15393.96,14721.99,368,0,419,
55,16.24,48479,15395.4,14726.93,368,0,423,
56,40,48479,15399.3,14732.79,368,0,428,
57,98.57,48479,15407.49,14732.79,368,0,425,
58,104.48,48479,15417.88,14730.11,368,0,420,
59,104.48,48479,15429.77,14727.04,368,0,413,
60,106.51,48479,15440.26,14724.15,368,0,408,
61,107.31,48479,15451.26,14720.72,368,0,402,
62,107.31,48479,15462.21,14717.3,368,0,397,
63,107.31,48479,15473.39,14713.82,368,0,391,
64,107.31,48479,15485.39,14710.08,368,0,386,
65,107.31,48479,15496.3,14706.68,368,0,381,
66,107.31,48479,15507.63,14703.15,368,0,377,
67,105.79,48479,15518.22,14699.99,368,0,373,
68,105.58,48479,15528.91,14697,368,0,370,
69,97.01,48479,15540.99,14694.63,368,0,367,
70,104.83,48479,15552.36,14692.27,368,0,365,
71,104.83,48479,15563.6,14689.29,368,0,363,
72,104.83,48479,15574.47,14686.41,368,0,361,
